01-home	e3394c631d1a4651bda13227afa4b3f5	https://contribution.usercontent.google.com/download?c=CgthaWRhX2NvZGVmeBJ7Eh1hcHBfY29tcGFuaW9uX2dlbmVyYXRlZF9maWxlcxpaCiVodG1sXzgzMTlmMTc3N2U1ZTRiMzE5NTdkYzQyNjJiMzI3NDFiEgsSBxDEo5GgpRsYAZIBIwoKcHJvamVjdF9pZBIVQhM1MjY2NTIxNDIxNTcxNzEyMTUw&filename=&opi=89354086	https://lh3.googleusercontent.com/aida/AP1WRLvTBY_WzHl8BCouKkbuHzQoLCQQVt8UUob6qPk4KishNh59DDeG_JvGnvZl-3qOgHXeGkHjYUYkLYf2czhTGwEGjUniB59IKC2uy0XQ9J7Eh4kST7sht4Ymt27DWamksDD-o4ijT7MQjwHc3iAkiamYAk0BIZOmDZbSH1gPpiodUzJ0FxAt5P2RqsG9UKrJR1SvPtP4FOo1FbfJmZjPfnwCL-hiFvj76TmePqRf5lqiLOEtXfSMMG3LzU8
02-about-us	ffe0fe10437f46a39aa4ee14442f7b4c	https://contribution.usercontent.google.com/download?c=CgthaWRhX2NvZGVmeBJ7Eh1hcHBfY29tcGFuaW9uX2dlbmVyYXRlZF9maWxlcxpaCiVodG1sX2U3OWRhMTIwY2I5ZTQ3OWY5ZGI5ZTZjOWNiMzNiYjE2EgsSBxDEo5GgpRsYAZIBIwoKcHJvamVjdF9pZBIVQhM1MjY2NTIxNDIxNTcxNzEyMTUw&filename=&opi=89354086	https://lh3.googleusercontent.com/aida/AP1WRLs61mpESrS9CiG3888WHi4Ykan778_v1-VnoTodPQ-WK4agUbyuEpajD-Am7lZVj-7oyGMIXzUiRTKtGm7fSiR_G7TH5gsMm7eH6slCyCXhmZ_wwzTZB0Vmrtf7xilDXqbfZIEDUz6r0Rv4T1KWJ8Fw2FzLsJ_7RA8-BpEaj7MyU-diBVIHz5bY04rx7uTKqMQ-YbIPojpjNMpEEr69NG-zzCQBpb1vhV_3lkAODJ96-Jby1zxuxplS2xA
03-departments-requirements	ca62a4b14ab244c887366ad1d746a2a5	https://contribution.usercontent.google.com/download?c=CgthaWRhX2NvZGVmeBJ7Eh1hcHBfY29tcGFuaW9uX2dlbmVyYXRlZF9maWxlcxpaCiVodG1sXzc5ODYwODcwYjc1MDRkMTY5YTk1NTdmNmE5MWRjNDE2EgsSBxDEo5GgpRsYAZIBIwoKcHJvamVjdF9pZBIVQhM1MjY2NTIxNDIxNTcxNzEyMTUw&filename=&opi=89354086	NONE
04-departments	5dc699f95ef04727913888302c53ff54	https://contribution.usercontent.google.com/download?c=CgthaWRhX2NvZGVmeBJ7Eh1hcHBfY29tcGFuaW9uX2dlbmVyYXRlZF9maWxlcxpaCiVodG1sXzZmYjgyNTgxZDNkZTQ4YTg5OTM0YzI0ZDVlOWQzMTViEgsSBxDEo5GgpRsYAZIBIwoKcHJvamVjdF9pZBIVQhM1MjY2NTIxNDIxNTcxNzEyMTUw&filename=&opi=89354086	https://lh3.googleusercontent.com/aida/AP1WRLs4Zmul5zwRCQhY-FH15QeAn4RSfYt79LG4lAiYETAH8Tfx-QGJTeQXZGu0sCnzDxuEbLmSQ5fwOvX7NNA9tXJHeNX5upy2uS3dYEbs4Fo9Jx8vdyuZLaYLxwazr6bdsXxST82VhOa9NAvSMpcu8p-OOB89B1qguc5PvzwV9ELS_ZyIK9RkiG0diHtbcqlBZ39NRhi2c2nqhZ_ntWD8TuG648g8msmiN-uSGF0EQKX8ptoeJgrKDaPyb1U
05-cardiology	6ac60d2192954061b7b3ca1984780bd4	https://contribution.usercontent.google.com/download?c=CgthaWRhX2NvZGVmeBJ7Eh1hcHBfY29tcGFuaW9uX2dlbmVyYXRlZF9maWxlcxpaCiVodG1sX2MxMTk2YzE5MmEzODQxMTNiZDJhZjA5ZmI4MTk0MmFiEgsSBxDEo5GgpRsYAZIBIwoKcHJvamVjdF9pZBIVQhM1MjY2NTIxNDIxNTcxNzEyMTUw&filename=&opi=89354086	https://lh3.googleusercontent.com/aida/AP1WRLtQApZ1zNvW-zYhLu7RXfrO1GiMVApRrYv52KSzcXvd9NpPZmfLa-2WsJyoKEObMxaznA4Mbk5uIBKpSob4TO653atYfOkwhpbtncWz4BdBwkLQuucuXIffautPn0TwC3O_6m7FMnUhiRM-D3k5Z3jwcBmXGwn9uvM5pljAgifqMrBcamZ4HR8NqEEu73Mo_cfF-WNy_EYkNydEy9Jnqs5_UJFPixo9bOZsgsIfUE3_3Eihco2QZLnDcVY
06-find-a-doctor	e6947fbfe86b46d6bae19e9827a546c5	https://contribution.usercontent.google.com/download?c=CgthaWRhX2NvZGVmeBJ7Eh1hcHBfY29tcGFuaW9uX2dlbmVyYXRlZF9maWxlcxpaCiVodG1sXzM0NzE3MDExYTQzYjQyZGVhZWI1YzBkM2Q4YTdhOWU5EgsSBxDEo5GgpRsYAZIBIwoKcHJvamVjdF9pZBIVQhM1MjY2NTIxNDIxNTcxNzEyMTUw&filename=&opi=89354086	https://lh3.googleusercontent.com/aida/AP1WRLvwJ5NVIbsxlj3nfpQN3G0_USVmxD2ZdhqWpumc6L_UFsDBBkddfMfAVlZEImLaS6U_lvQop46n1SwbS0u0cNdSCmgpnmDJeYYap6AnEJuzrLmQp2D6WBTRlYe_nOdJruWeiQTSVsQw_XGzf3pRMMtdpf1nbROeB-Q8gDGqVIQsGhB2lckumYFbr0J3xiBaFcK-bRV7SUCcdThqaVFq78LjDM-mjMcE1zaJI2Apa5-ItNNRicMjCpDCcQ
07-doctor-profile-ramasamy	5ac6bb3fe19c4c949919bb8fcfa45118	https://contribution.usercontent.google.com/download?c=CgthaWRhX2NvZGVmeBJ7Eh1hcHBfY29tcGFuaW9uX2dlbmVyYXRlZF9maWxlcxpaCiVodG1sXzY5NjhkZTkyNDY2ZDQ5MWZiODk5MGU4ZWEwMDYwOWZmEgsSBxDEo5GgpRsYAZIBIwoKcHJvamVjdF9pZBIVQhM1MjY2NTIxNDIxNTcxNzEyMTUw&filename=&opi=89354086	https://lh3.googleusercontent.com/aida/AP1WRLuvI8hG7RMh9AnqopM_zwXGRf4vCD0I4SZYXltTL8wHdKaxmzC33yDpj9DtLQLKhiU2aCd6_7YXCGydUpFclMnuLGERAGXbjrp31HzOoERs9G8zjThtI31i12P4CrgIOoqIMhKV1XzNXQHhB2FucVqVe8D3H7sK7O4v2Ic_y78MACL-V5mZGuk4H-5lvqmx8knYBF2TRFQnVSyfSaIwEYFG9n8rfF0YEprkQvZDQ2M7badrn9uL7eE4jKo
08-book-appointment	39e91c83bd2240eca1b9f9f562d4503a	https://contribution.usercontent.google.com/download?c=CgthaWRhX2NvZGVmeBJ7Eh1hcHBfY29tcGFuaW9uX2dlbmVyYXRlZF9maWxlcxpaCiVodG1sXzZlODE3ZmJhNGM5YzQ0OTViMWIzM2IyZjJkN2JmZGQ5EgsSBxDEo5GgpRsYAZIBIwoKcHJvamVjdF9pZBIVQhM1MjY2NTIxNDIxNTcxNzEyMTUw&filename=&opi=89354086	https://lh3.googleusercontent.com/aida/AP1WRLvURBgxl0AaI6GTQb2H2agbKjHuXsG8qNqZ80uiOo8CUA9BrWMJqDN093ogid5WbcLPv0u3vmWIQdNiVIzrbwPq-jrYzDlr3Lk7yw7qICmpnNn6e5_1ePmDT4dWfbmBSwIVI-6460OOTGXxJWSYkqpbW7Hb6th00tsc77gYSr8mctkWU-XnI92AmuEHl7mvY0XR70x6SJPT2fR0jfo363yUg9ticCYamCBuSz5jYHvvtQ1S6My0aTWWvA
09-health-checkup-packages	ca67c20c7c1a400ea0e5ddd131c1d4e2	https://contribution.usercontent.google.com/download?c=CgthaWRhX2NvZGVmeBJ7Eh1hcHBfY29tcGFuaW9uX2dlbmVyYXRlZF9maWxlcxpaCiVodG1sX2Q2ZmZhM2Y0ZGM4NzQzYTU5ZGExZTIyOTNkMzcwMmNiEgsSBxDEo5GgpRsYAZIBIwoKcHJvamVjdF9pZBIVQhM1MjY2NTIxNDIxNTcxNzEyMTUw&filename=&opi=89354086	https://lh3.googleusercontent.com/aida/AP1WRLtqJfsMAoOVhhTAC3RQB4S2u414YvVB_4WJhQfX4IJ3e6bgYMOV2mAHnSaJe_olOYJ5e1d7w-E0GyP2tnPvJP2kl4dnsDLnH_W8GKflPO2VQcgoNzrVp5mA8dIIc3gnSgmZuS1IP18R8IYrsgIhlKXEWIw42P_yyj4ywk1Umfcj_62dqVA2iM1ehOc1hm49nMq4uxuAq7mlr4XOru3rnn6g7PRji6o-n7bOOABj8AxDqqFBGfto44sGeQ
10-diagnostics-lab	6a57f6698367455d97fdcd36cf64d98b	https://contribution.usercontent.google.com/download?c=CgthaWRhX2NvZGVmeBJ7Eh1hcHBfY29tcGFuaW9uX2dlbmVyYXRlZF9maWxlcxpaCiVodG1sXzAyZGEzNzI3NmU1YzRhYjU5MmFhMDlmODQ5MjU4OTM1EgsSBxDEo5GgpRsYAZIBIwoKcHJvamVjdF9pZBIVQhM1MjY2NTIxNDIxNTcxNzEyMTUw&filename=&opi=89354086	https://lh3.googleusercontent.com/aida/AP1WRLu0rFMr0-YF88SBogMjPijrGtSmhvzebegDd4KNTTjDtq7Nsg0SHeicqGFzEHM31Enq_0QFpz796TuU1PCWzNaFPrKqp-nr5eZh-RbtoLx6lpOGCKjn0O7Ap0qyz4kWd615JHzo0SlZlOOuWJPMM4uLW8vU-KX2V2PeKnBRQF3qSFc8Ml_B65yfBRPSg1Drv78uIt1RJOtGEaujj1sWpmTbCka0AOSp7nOlLNloNwZeA_geafmSxPFuVKc
11-emergency	a19153bebddc402a8c4406101d39e5d3	https://contribution.usercontent.google.com/download?c=CgthaWRhX2NvZGVmeBJ7Eh1hcHBfY29tcGFuaW9uX2dlbmVyYXRlZF9maWxlcxpaCiVodG1sX2VjM2VlZDI5MGY3ZTQ2OTY4MjljOTFjNGU0MDA4NDNhEgsSBxDEo5GgpRsYAZIBIwoKcHJvamVjdF9pZBIVQhM1MjY2NTIxNDIxNTcxNzEyMTUw&filename=&opi=89354086	https://lh3.googleusercontent.com/aida/AP1WRLsJ3fS7TGc55OC_17A74UC0wD9JDM0CcG4On2U4ZzXYuw54_n6Oy8pr0bAfsXy9UwjYI3E410-tXiglZwqedoMPL_rcGZiNFdEIgdZwvDAG5Iv7zGQhwpTTEXlAcFVoU21sAsbw6O2ze_QR2_f7v67-u3XNk780WSD_o6MJbtfdyAFY0cFe8jqWw0cm3NwYzZu0YAxJoRco4kDa9HLsajlEtu3j-yx7wtaMKG1J6iX8Wr-nh_03KF6nNH0
12-blog	abf833dee50f49f99a688566e250bf0b	https://contribution.usercontent.google.com/download?c=CgthaWRhX2NvZGVmeBJ7Eh1hcHBfY29tcGFuaW9uX2dlbmVyYXRlZF9maWxlcxpaCiVodG1sX2ExMzIzNjY1ZmNhNTQ1MWU4ZWI2MjVkMzM1OTE0ZTAxEgsSBxDEo5GgpRsYAZIBIwoKcHJvamVjdF9pZBIVQhM1MjY2NTIxNDIxNTcxNzEyMTUw&filename=&opi=89354086	https://lh3.googleusercontent.com/aida/AP1WRLvf7At9b518TmbxNLtshG6JuXPL_44GI8cllNxCw_5aHAka_cYTg11vMkif2lKPfeuFBpFqY_2EBq4KuJ99_y61WFDP9fIFUT9fxO6ak6x3FiPpkuaLH6sSAFg5rmKtVlyYoq8NVGMzbMGmjuTbI-FyGngKgzfb74qG8k36L1Bvix68NJ-3TdsOolzBw5cUl9DEeNLpXTZFm0HpzaG190N0qxS7uiqJtq1_e-VjKyajjVh9Ka4f5x853g
13-contact-us	b322b41b440b489a9cc01d6113075151	https://contribution.usercontent.google.com/download?c=CgthaWRhX2NvZGVmeBJ7Eh1hcHBfY29tcGFuaW9uX2dlbmVyYXRlZF9maWxlcxpaCiVodG1sX2NhNTEzMzk1OTdiODQzNzlhMjA4YmNiYzM0ZDliY2Q4EgsSBxDEo5GgpRsYAZIBIwoKcHJvamVjdF9pZBIVQhM1MjY2NTIxNDIxNTcxNzEyMTUw&filename=&opi=89354086	https://lh3.googleusercontent.com/aida/AP1WRLuXDktqO6jNrAptSahHXBfnRCqRapYSD1zarsMRYL-XoP09F5IfFbkOXqtHkp5mgb8AxJka27woOi6GgRyOshYSoclFhxn_JHJXUKELco7UbILQG6UXVnmWtVgDUnEqPHQ1bbhK8QwRfhQpWO5qqiNs8o4EYh1AhsJe5PuUP9ffDFLpS9zbkfA0Q7kpHLniQ_PPPVJedYvDka1hiTcZLzh-ec9aAIEdx0Kb7pXfIdjDFvLDmqDHuKDiyQ
