img-83510ecc3eab.jpg	https://lh3.googleusercontent.com/aida-public/AB6AXuBccOBwGtBPKwoKFk6lLKjY2cuxjh5knIWw3dYy_cTMwzhgf6yBpDKl2zEezhCvZ0WU3QjMtxSsExBo_HtGPqeZ2WcY23Jyc5B_w-3hBXj4sAfu6Bc6k453ct9l3X_LBLLutWiyf-FUnJuFWDoSu0oy0N2lyJ7pIZ-wWGRTreg3pfJSTBnWKhbrQ5Jjl9HmSJAGktUeaWXff03PtVq_X75jb0jSyHJMhrjwsTowohi5ex4U3Ht6zbOS-pehvM_Szs1_mjmSqqXPlic
img-ffe88ef6b002.jpg	https://lh3.googleusercontent.com/aida-public/AB6AXuBKx_aakyB-IEZwUO4JEDW41cE3ZLjUtf2T6_DPOSoWm-Os5nTIz6u25N55IfjoACVOthsco_H0zI0F9mlPYQ6bm1mXN9VviTAl5kMfCSySQZl0_4K2uTT2Khl6WMqJAlBmZ0RU30EFtZ0e-_NUCx6QWnz6SJmLx-u-Nv3iU1wDg8c1hvJPSy5atCFGiC8z2tkBDtbpL6BNgWekV2e_ydBYCkzi_071kkPdoGFaxKBbrfDXwMkFTBieI91vAgFNjnmN2wYWLpsTgWY
img-a423c5a7f7e9.jpg	https://lh3.googleusercontent.com/aida-public/AB6AXuCtXAPfRq5hwTf9Oevdx0egy_5ZL8GQocqNXe5Ubt-LtPmaAiuMGe6JJ0_gHGt1PNZujreC-UmZmr6-Co39yxYRUWIVT9NZMMYH-FlWslwIwvTqwSPhNNsibXcLwM4WBH7-_WrCed__VcYVWrQyoRf3aVQplbQtJIxSlVfRYbGsOQE7eZdBlR1OhP3vDN53a464iBE061WMGaX7aNJrHHO5SyDwRqljB_y7xQJyZus8vs0i9ql8SIvRbvwLGEtcXhcsUu8lrbs5LU4
img-cb640580e122.jpg	https://lh3.googleusercontent.com/aida-public/AB6AXuCX7OUfHDxo5dUJNKieeDpZ3jJjkCs5WI7SQzQlHeSaPPxHwEjEOG3dbLBFEPiKXvlr0l_J4OOeOJSHFiggNUBc7Sbk_d3HHJGgXIkldh2Ta_-IU89BuuuySnPsP0aZsf9y4Rea5CGDMBeZhP__2Q6b6EcEDCYoEPrhP4QiS1mCBjxC-fE-w0AVU8fd-56IZnbPvrmtBngjdvb5tByHWClRu-zLVUXOs_Rwat_xhQAMa8LDhTdHpLopimmqjAscUmKognjmAKUZhlA
img-2a7b9af5fb0f.jpg	https://lh3.googleusercontent.com/aida-public/AB6AXuD0b7t_jGRNU8_12u4-9FbN2NP3Or4gGgzDFR_jUObahg3WeZpOv6Pp4M4PTvZB3VCG4W8x4BgekpI_jRoMG1KBSTKpy2pWsnHfWY7kjVUYAnm5JABLfvw6x-DbUVg8c9SZ9og4bQoK7Qo3fmQ6NgpBnmN-K71XYw1HV6rdlojmaQp6pQMpHGnoX3oZi6hBjLwsT90hUtdtbIRr9qe6ZFgekrQlm6cn69t0eYWyQ4VS4E36BpJedDs86d9vFFxOjjhylgl1tDGT8fQ
img-223405d4f61a.jpg	https://lh3.googleusercontent.com/aida-public/AB6AXuBwapphF_AgjJqCj7Hkl23VAoxBYxgaTjyBqFn0hWDzwrb4tPExurxppIi-Zg8iiohIw6Uhk8cBzi2TNbUMEDdKr9DRJhhHHJPSs-wy2Ti4nZwf64aLNE2808iF0zCQ7fGZwdgIe7C60E_LxnQ4NhTDfPA8-zG5Y2pRLoy39PH8mS5p3Wa7i1n71gn-3QLOYDKWgg5-SstwEuslD4znEtmkCxRNlt6SHvDanfRFUyKDAljN98YxnZVAJMziEOQmL2imJ4rJ4ZvPXtE
img-8b06930dfc97.jpg	https://lh3.googleusercontent.com/aida-public/AB6AXuClW5b2ptPV8zUEH03zdjl_UWtzHVjXeYuw6nqdo2rVVZe0GSQdJLWb8oAnpW7UqpXAMywLAyVe0QJhevZFfn7xh7XsFzweW3kB0xRTKB43MmvaXpDQAu5MDN-MtdWPh8z8luZjtGN9-qkMa4y8XCkeZbpVp82IifQB2ATmdpCRZanSsj_uw8dBytOfA18LVns4QpxyiqyR_OkXQy0bT47OjO_Ulu01YKAJ7TyYcPKm3DPuMF4LUWZt0xaEaaEbuvO4Ez-i7Jv1KAQ
img-94a3d89db133.jpg	https://lh3.googleusercontent.com/aida-public/AB6AXuAUHieIinmXHt2WAETexGixU7Au38-QbgqvNvMCvdlcNOa51xUCKifTj3KqNTc_U7TjB4MqFkbwxCESQqxq_8Ijg89Rt8ZCqB_g3JjxNP9jtEOBIcJAz33AKnO9_ONuxVZ37SSEYPEQDch3EZZ3Amulvud6OC0aJGVQd5R78S0qLWR4HKNL1VQ6oz8bcTlfxMS18SBykED-CpVL8Aq1du8PWJ7oS-t11mAVb8YJSQgOjQAoNiCHsKnPWZG2FXkTDkFrhZCzeRTyj7o
img-f417b841b590.jpg	https://lh3.googleusercontent.com/aida-public/AB6AXuBJafh4VwA1VwTgF_465W-E8guSp_eqvbK3Ej1rjZD4hn3uTkBW6k8L377vE-k0Yaqb81enCeA-JtuHj8KKyR6vawscaIkpqmxKQOmgAPtt1zOwTFDAnsCZXVK6hc8nooH6VaD8ahGqhOoHIyHiwOtRdRMslOtU3Luu-lOwn5tNt3oWnvQ0Ch68O-qGWcJeP7lObP4LTII7wiorDJLTXFh86-lgV4UX-aHveVBzgrgWI3qtR9OUF3wM2wir7-oCxAcQz4_dnZj4g0c
img-5737800b3d0c.jpg	https://lh3.googleusercontent.com/aida-public/AB6AXuDYhillO2oyt9qQGqt0N1Z4g52RLsNEyFx846-Fpj9Wu4siv57tngeL1QT8i7g4rEA_AVaTBnf3lRoyZBMFz-K5Rr8eoa5dviZkJo6I4NX1IDOP6kFxpLJGs_aT8qhslccxpAJ0_HxDOhOYcIpOdqZa8GiPNotQy9HKXVIXExjdNbTN-oy3UezCUfxdUbxE4L6i8vbPPDo9yL1L-yA9M2bl2uGVdOv1QkUBWr-0EbRUWCTEmBcJaXNQKUtgAiNV1IKCFK2ZYld1lmk
img-dc9098b4f21d.jpg	https://lh3.googleusercontent.com/aida-public/AB6AXuAT16w4MhwT6JJ92Or1vJMlF1Gs8mFVIW15SpvgP1bZxtkDPMHWRIFLyjjejlANYD_irl6g5zd91cWNk0ybZBeGZRRd2JMZkWdmD6CPu1FiAGbtzVKGDHtiPgMsSln9ABT3BzRSVLHgFRf8PMMfh1Tw1N1YDwi92Y58PRf2BMuLB0o-FUuMNEPH5sBxPYA67htzkeuTiodE6xwnhtVuc-qE-vjCQd6jORAhnYNjPDbKz73QZfHhBG5RBQ1q7HY6CvybG7_R57Eqa38
img-0d0cd41f7a5a.jpg	https://lh3.googleusercontent.com/aida-public/AB6AXuBj0-jcIUgVvNm86qvETk9U4N9rZfKmfPsMucOfwxbMoMFFMFHcEzeNlOSrb_kj09oJWo5KFaYr0z-iHFufMZnPEX_ewbpQybFUxWYqUHOjPhX95tgpOvw-e1l7heuNtZq29z3xNdkqNYJsgGX344KQChclSeleEdDczHvjZ4nvih3Fm-9U210eZHlLHFtaEgub3IXKWbP3_X7fRGHc1TUw2JD4xMy8hn33YQ9Zga5ONWURD4mxleLqd8MqfKYZ078M_sUwCPTXayY
img-66f6559218bb.jpg	https://lh3.googleusercontent.com/aida-public/AB6AXuD5Q6jgDQyvpEciJ_fzn-6B1VS2IXXRsFl1n-KYPOLt-7URvXMFYl-VuNvvBaMrhiIHkqrYsFwWemO4clZN8xHnC0R1CQ5pdqHp9dXRKa-NJfImurWuG7imO9BuAAZCMu8MVO0AmnVAIzVVRzQFOTZcLZuT15d67Y-dQt0A8R8OP5Wv5uATqIgGLmmDYCWEsrLXzMJCofyhQ5uRJ0ZHJyf5hZLCBEmkxw7-18S0_uxvmWVD7AE134tIKriy0Hm24DesOrrv2sdn9Tc
img-0c7bc17e5996.jpg	https://lh3.googleusercontent.com/aida-public/AB6AXuBnXVOe7ItXEOtXhsbBsq-idl3Rhup4EIKSQqeP-69daMAvWTp7riyGv2hedVhfj56zWbSEY-IHeI6PJz94PnkMjPxWZ9eZRDC-AV3Xde_drgvpHrWEnDVUuJF73RQXXPDdIOq34cYPOI6zx88afdAGwGT0V_HhM2huYpGqvaIWIg0kSU51Laj41fI0rzzi6fMSZHaVl0HN9_Z2JYsIfj8x_T_ubsxJ-ARqjvE_L4e9V27Mzg56ACMGcuWO9SMZkeVGYD00KuekiPk
img-a58ecf0d8761.jpg	https://lh3.googleusercontent.com/aida-public/AB6AXuDDvnvMyRAnIhITxy3QYaiWCPpESpEPStPjYj2zlGAzyhQPSGI8KTSCgtwXPXf2Tk4arQjJYcrNjO0sm0KtjpGGLSf1xyRTlxAAUxVLS2C3xSNvQArlzA3kacWP8n8oZzVa9nDA3nK--V5Jl5_ILKVX6em2OkN6HPu3zKcr8re60-w0IaEEU0ZIwYjxdgqQ4XYIpHNVtOlYFgXJ5cWesxARy7_cQ6yhcTdPt4VY8n-cY0NJX5obQqixyHIFMV1RdpMPc7-3UIWALqU
img-ca0cda2c816a.jpg	https://lh3.googleusercontent.com/aida-public/AB6AXuCbexBBalNVu_5BOTYUjg0d1q423iPAZtCc4ASv_VjTQrL_OOs30G2wOYvGOp8dLCO9Rar2fRJndbolq9QidYNo3WcWENvB58nSOf0bEfAD5d7jmCYZDZ4TTgDU0CslceuNo3pVj4O0pAscXCBOYAIPaI6Jbp9-8wynnyXUK8SHNn8jj8Qdr8MGLhd5nVut6Z6sHs0yh_bkCMPtuEKTA6QbqCCn7O5dAOUM81kifdvEGYryhdIHY_szIQb3B16stdwoFFoxpxvYSC4
img-b6d10be0ceac.jpg	https://lh3.googleusercontent.com/aida-public/AB6AXuDS3WOBtYbVL6ZXZx1UjYk0YHguu8GgBwdEWMXzZqOaEuKPVTbBFKKxKfcfUGvxtSdHw3pUm7ZvHkKKnPbE0uquhLSOuwvKQPwIEklp8ZMeeERx4p13i7N8yRLYDcTczPiBeDNkxDBaHyHxRKhtM0SoDMUqkF7lD6j4vv0SNfSReGSZev9eCZaTLyq_hPnh0WlT3p_c1HhbSs4w9Kejms6MATAHDrh2eY2PO8rGJGypftAq5R63NaAGIDS4_pBlQvOolgBDYTuEaok
img-c0261d75cb84.jpg	https://lh3.googleusercontent.com/aida-public/AB6AXuA6jAr7w-DUV1iG608wHhA-W98soIeFCgRDjfF6cydB6GExsEWLrP-QBnnkp61MOf8jgpE_qRwUC_L5WDI0yS6glV7jVV491aSh_vlxN5fHemmqSa3EMov_nR3ayIIMkqr4SuxxFikRO30RjerA2psNiOcW1TdgwjopRmk-zxHdTY9nmxGPtb6axqkQlAtsDauUDlpazjnhVerAn_QtlcoZV49E5agrKbP-vb6qqGyVh9dJn6PtsS_58t7Bi2CzIGWkJYrliFvozBM
img-f975fb6754bf.jpg	https://lh3.googleusercontent.com/aida-public/AB6AXuBjBWY9oXt_Zv_kp0cmNKWmJVOGSSxJ_i1J8DalOvvKXnBaSOcoRWnt6TNP3szk6Oh-76shOAQnr23_5kpHewHiFxaiTKf5r_FagvK2eCpMqFTqk6Fat56p86bfUnSxvPxGxsjoUJD5fla9BnddcbzSwLXa_UkOeY2PjVLpuA_icV92S8OIdEbxA8nOhRSJ86MzU4RbSzcLS8fohO0Cr6PHHnzKRIsmZXKS7Dxi9azuVh353EdcadcBXRpaFfEOzRFrns86naZSGCQ
img-440d0b375e32.jpg	https://lh3.googleusercontent.com/aida-public/AB6AXuBvES0-lyLeEUxfu1k-uPMs2-b-JDc-cPuWDILxmApqGkMvu2tNfjjsHcGZUU8ghHsYHwKh3rDuG2PeND9peHIpz__XjmdjO7HeOIB3g2ziM_ZYa0VT1E-fOzkaEuZSFZxN1TwJR5tdjWDwGhEBQUFmU75aQtK9sKcNg3R80-eVQoPcxo0QbwQCokYfV7-15nYrpnhsSlxq-UBeIUy-1k9DSYGeEng35AW4AVu1YrkKydpXqnKj9TxMUaBCViTcQDiZ6j_Re6CoDoE
img-1be8b8a1d1ff.jpg	https://lh3.googleusercontent.com/aida-public/AB6AXuCX_tAW1kQ-bhhhtMBtXEhCY-Zv8bjR_GI6VXcJJDkPC8cG8wzBiQRmFNtMp6JesdbqM8A3jVLVrwE-FZI4put4mX5T7AyAMznFT5J6yAuMMxiw-DuEd2MfcY52AzXReEmbto1pcvhiQBalnHEjYpwhb5at5J0_5nvZXHyqxwLkFAVDqkKUscGG9rjR-yPaGYJ6f2fAWe2_VhH3oxaZOx9dclcZ6qywwpwXaQE_eKy7cwvbPFvd5xokx3Whegq18AmvvjUwVvDSrv4
img-b39afac445af.jpg	https://lh3.googleusercontent.com/aida-public/AB6AXuB9Z4u8THEUwPKSX49C9F2MwWumrtcuezw_UAvYOOE8yWeGwwmYL41kJ1TOsyBlxLldLDKdMasrS-eYYQbWXpY6B7UadBkVYzRSdxBwejUX8q8h4JRGxSGZt9BPe7fpuzQ3DyUho92vuDmebqLS85Ywk0SeVtHhytD4tGLou6V4ZZAdJANFkLjUWBtiRVdA56o3zvSzIal16ZNy3AJpB7RmGJijEQ0xdzQ9Le9kOUjMw4nj8vXTwjd6yOoEayeDuyqdKLU2SNn9hUA
img-bec8bf30ee40.jpg	https://lh3.googleusercontent.com/aida-public/AB6AXuC0WUL1aGublQq8qrz4iIJu_va323Ci6apCf4_eZB9DOTJj9StFpIpaq0FmTrX9W3O-G4gPoG_EYgkiYVbUOEo4yFy-sRJsmaIJ4RSotheAplkLaHP683kDiAhMfoZ1QnnkYhh59u5eavFKU4HysP7DmJn8VfdWgOBe1JXc8TekBH8p_gAI_P8Na4l5JLj0EenoJORN-wK0iAI8zG66nk1Dmn9uyocX3k0tLXu63XIxLv6yBk98ZjSy-3LeahtvHpmgxYtAdB9fgk4
img-1a919388ebb2.jpg	https://lh3.googleusercontent.com/aida-public/AB6AXuD8QcFOYwnHTpPqLtMVeUmSeDggHoLuMunjQBwLXaWnJqjs_IwKsDnP_DRMpL6Uf8SktYdZKSeLxt5GrCb628EuMrquPJZZ-UNjHXuLjjoN56Z_qSyH0kVVPgxCChTNazMs-LqG-ha6PDzSsZ2rJlur6DG-eaHPholh7hW3WVgWl3I4SUhUfu6KIPqL3_jWszuVLnWUxJSsYR4Rfa7ygVIqjHflBsA4nBn7CNMZmzPPs4JGAkYqnMlTr0LWgLjOceRQoMW2gaAvvWQ
img-33fcd344a333.jpg	https://lh3.googleusercontent.com/aida-public/AB6AXuCPbhF3N12HC-7V3QSkgAtMbZBPl-t8D0q7_Kbkk1VQLUheGVH5z11BE-nntwf8QHOB6GHDAZbW61FG70Gfi4TCQ0muMwqd9LtEs18xFXGhIbsmVG6EwKQ7z-I_t9AUUba3q4rXSs6m0KwB5WlNbhVD2ougSw0ltRVgIka2c6yI8PnbV7vtOzxLlMjnjp4_AAGdW0UkkZfPSBrt4CUPQcMMtmfUgxPzccGJklg2hlozI2El_zsFEZBTKP4yPfJqBlZhgf4qjYreLPM
img-4b2b1fb8ed22.jpg	https://lh3.googleusercontent.com/aida-public/AB6AXuDMilYpnrCKVsrdYs9_TlPIuQEexd2BegbZoMVz6sJPeem8bQR4EoUoZF3OqLMU8QXJJ36jwSvRWmnE5KOGKb6CAwJJzWeL5KY7x6zmooFqPwqsKYwp6j9Vc-PnR65mSfwEKSRnJue68P-w3PBzV9y7y1WmvDPF_hNTENnj-tLmyHAJ8IIDPO9YfID6NCv5UPubgJPLnzm2ZJKBZrAmES203Fa7mjxEBOvLbIvp-7O8RUiGPPNH-MD3q1CLps0G2nUE1dVWTDyqTlY
img-a2760ad5ab1f.jpg	https://lh3.googleusercontent.com/aida-public/AB6AXuCoV3cFGqEe97k8DK8OEbk4wGaOX_sqqk7vjrAXwdPDfrXR_heWIP0ladWJhp1ub2wsfrmsMGUJ3JG-rtKBMG8qW7cQjLpTtb-DlMfS8Zd50PynMkJyxBfGWsv24vt0g6uZ4FB9Q0R9jHR2r09Sn4jX5buK6pPqsrETCdRJp-sOe7ISIuq7qIWfxKQvY3idrGy4ATOnwMz1irigNU3Di08cprjFlEXko6RPwRSFHf-74byr522y_Xn2jhAKdBYtknyXsyT4M2FIf4k
img-8af15279908c.jpg	https://lh3.googleusercontent.com/aida-public/AB6AXuBTWfyD6NiIQ7W6xajz84LFBI9IckobHTNpGO5FK7xhHkAqr6hTKAh7ors4Komlrj1x7hSFv1rD7t6mgwkNYbvWXKS7AKHy6Bvk8TLAMvMiXQcl4uQxmIiL6Lr_1dTM1j77056CMRXxLCboYwv2Z3yC0_XrkLTPKNcvnKoxWItOvJodsVBX0vKAMqGrZpt0aMK_-u2idjnOAnG0PO5U6rIOZluRjcfsYwzxjUIXM5kslKhh5SBhBUl6L73xhEcv1fGvNOsJy3BnBcg
img-bf79927c8f2a.jpg	https://lh3.googleusercontent.com/aida-public/AB6AXuC4pXxMvICLTmoGV5QK5Ne0aBRzvcKryYjpUl5mfxlGc98e2lM6l_ZscbpMQgCTIAdZ9zPIHpuzIt0aHlnoqdybxo1mzU12QVqlvH59B28g_A0cZjWfgUvgYRSWWuQIDiAMyRqBXAj3iHbD7shOshsba5Sy68kMjisELv87jaBnUaya66Dnc3RbvVQAEJZcfD9pDBY8lVmjbnJDZrPROF-8Sjyk9ptur5dh_A_dasjWZ9_nGUNQdZV-znAonLGVj-ReKwruzdMzO9Q
img-05484a24a002.jpg	https://lh3.googleusercontent.com/aida-public/AB6AXuAhNChNPBQw9ZrtLBnhi1uaYgt7ALobf7vl7K4fQT0zfGuI-55yytah45fjfvkNZxpZqNxkq_wYBlUN2KSKct8vuylZAdJ6oXCRK7ng3sQH0IDLNW1X_HLMFw1K6U-4zrVr-wlieY1spa-f48niflkYOWnO4jMxGhzgpAcNt_4GMBCALfYvBy-rjzUvknpMCJ6iraw6f-DBhNQwRRR8ebnj__eMje6a5VNl4Sdda1O7RSZTWRraZAlaQBtyPtqom5S493-VXgoT4GQ
img-3da38cb67183.jpg	https://lh3.googleusercontent.com/aida-public/AB6AXuDutZGR6KPHwaGqjRMrzMdIKihrIOot8bHuLAPzqDmBO1KfB5bK2d0B23bVF1NC7zi3X7SoWaHExONNjpBGP90STnFIPy4wQEokWtKwtZc416o-MvODsrDlSjhHuLn-Zjns_eanBMS9-nxwkgSne2psS_IpiDT5gqh-_kMvfq0Jdk8aAUMJdVgjMdicURjqQIuPdSrb_RJX7jrHh03fU6eKSN_rX3hDKxfb8RsEA_uZq9btCj7zbG746YGJvWOUANchrO8unq4zlq0
img-31f55436f758.jpg	https://lh3.googleusercontent.com/aida-public/AB6AXuBbqMDTAEvoR4djytQ_O6HUtFWa9sufd34ZH2fT1QmB8_U6o3akct4YqzY8vxC8iMYUMZ8Kf3gHUdsed1z7H2c_f6bryYrDux8A981-AlkW8LSIhe5SMGsMyMWPUj6hOYXv0bniElos7U03d4mcNMStpqhQ6whTTp2rbSEeP8fV9v2F5vhhJULaee4Ak-W2ztCRglzpDnZKTqr6gIh9P0RUDypiXKzmKNVaSY_Y6__mY0BO8a3-FhW6yb-QzsZ8AuZxTrs8Cyl5pUg
img-12018c3a92ae.jpg	https://lh3.googleusercontent.com/aida-public/AB6AXuAHdJRCZovRMw-UlRsIh32oVY4LHJOGSb9V2pm7H4ZOAIVjjvLz6CXQFfRePxovRmd9_Vi1rmz9FfJGxIdAiz5Qa31NKnJi3Pb0j70CAU7w2W-TXu_XuTGNiy5Av076l_1wgQInQ0JY72uxImCsd0hJXeymWa5fI9UsFoA5xkMwTb5kWDOTdQDyn1iAdKaBeDf2Jz4kej66z_CPPQOIstrKdkLAFhqeVtjw-gbz2Vo9FnbhaVWnN5DJyFDkTbK2tMyeoktcQ8iuJ3Q
img-f90cdd8c29f2.jpg	https://lh3.googleusercontent.com/aida-public/AB6AXuAexqtodUWM-jemst24hVi1M9DcIciPt7hghYQQOIXfJGj_Yc-b52IsM_F0RjntllFcruPAcCsY7jMdIR6tcHu4eu-udUo1ZBvdqUqz4DP4ShvOKMiunutva7gbW-7PG-Al_CPGVst_UVUU2FH3HJxS--eE6vmivRMOmvCJeBNe9doyHydYjuLDMLTLOU-CchjePvsEvrCo223pVmOyzMo3nB8CUWx4Q9cRrq1rzN1ID2-OrSSswzRQhnopUwwNr3___L3qz6GqcKk
img-1d41a010ee1e.jpg	https://lh3.googleusercontent.com/aida-public/AB6AXuC1NTKTkoWD0mVyG5Aczgq_QjCOk8wBmjEiDZoAG_IRjQS4nGYvJEgrKFI76rwXAy69oH_Ih1HMe1eWCgi6MyP2PK0EdL4reOxEkQ0pQf7sdQ0oh4tDKdBQqfjRjp4VvMNvE1HQRrgINJBdEz9gjU9E7uR8-56EZZKGG4AzEymnBeLcRx-IJnnjwL-E5yDkiQOCWavdLNSXmeaM6zgo60Q50DX3OhefYDDbkwH1L4yTzA39AzcgrPqyeHeRe2WszvlfoMKwATysEQU
img-264062a24ba2.jpg	https://lh3.googleusercontent.com/aida-public/AB6AXuD9dbwhfpawVf2Tm5JKRLS3uW91VgITf63prJX7qg5gHKIWm_RvgGysR1e_C_Y5gHCbez0fmVvx5ktUCHpCU7eMJIGmeSXG1D6GXSefMIO7eZRuH_POOAxKJkRMqdBrH9kuU0xnVreWVYtamJ9Ne1OsTikKHhfri3Y1p4YZefE7GrJbukXWnNdfLADcaorGZ0nGkkmggvH92Num7A35bmgEcIG5K8msCPYSU9MFI_wLUPjCwhqy4FDayeVFc5N_qXNVdKzP4dEeKmU
